instance,instanceType,avgSolvingTime,instanceResults,genInstance,genResults,status,iraceScore,totalTime,instanceHashValue
inst-18-285596038.dzn,unsat,0.8648321628570557,"{'status': 'ok', 'score': -1, 'results': {'main': {'runs': [{'seed': None, 'status': 'C', 'time': 0.8648321628570557, 'extra': {'objs': [], 'flattenStatus': 'ok', 'flattenTime': 0.483685, 'instanceType': 'unsat', 'answerStatus': 'unknown'}}]}, 'oracle': {'runs': []}}}",gen-inst-18.param,"{'status': 'sat', 'seed': 285596038, 'SRTime': 0, 'solverTime': 0.14276909828186035}",graded,-1.0,2.273726224899292,01febd3e3a10ecb17520082d8edf3c72
inst-13-510416220.dzn,unsat,0.36806726455688477,"{'status': 'ok', 'score': -1, 'results': {'main': {'runs': [{'seed': None, 'status': 'C', 'time': 0.36806726455688477, 'extra': {'objs': [], 'flattenStatus': 'ok', 'flattenTime': 0.183019, 'instanceType': 'unsat', 'answerStatus': 'unknown'}}]}, 'oracle': {'runs': []}}}",gen-inst-13.param,"{'status': 'sat', 'seed': 510416220, 'SRTime': 0, 'solverTime': 0.14307069778442383}",graded,-1.0,1.765209436416626,0438e17a03ec32281b82d42aba2fb05e
inst-13-813778292.dzn,unsat,0.3604700565338135,"{'status': 'ok', 'score': -1, 'results': {'main': {'runs': [{'seed': None, 'status': 'C', 'time': 0.3604700565338135, 'extra': {'objs': [], 'flattenStatus': 'ok', 'flattenTime': 0.179405, 'instanceType': 'unsat', 'answerStatus': 'unknown'}}]}, 'oracle': {'runs': []}}}",gen-inst-13.param,"{'status': 'sat', 'seed': 813778292, 'SRTime': 0, 'solverTime': 0.14241647720336914}",graded,-1.0,1.7558608055114746,07bcd3658602f3fd6ad8eb3587fadbfd
inst-7-1068608867.dzn,sat,4.668801307678223,"{'status': 'ok', 'score': -1, 'results': {'main': {'runs': [{'seed': None, 'status': 'C', 'time': 4.668801307678223, 'extra': {'objs': [(1.3426868915557861, 5.0), (3.8769330978393555, 4.0)], 'flattenStatus': 'ok', 'flattenTime': 0.776786, 'instanceType': 'sat', 'answerStatus': 'unknown'}}]}, 'oracle': {'runs': []}}}",gen-inst-7.param,"{'status': 'sat', 'seed': 1068608867, 'SRTime': 0, 'solverTime': 0.14013886451721191}",graded,-1.0,6.075603485107422,0e31dc9e25afa3e2700e086fd609635b
inst-18-1489266180.dzn,unsat,0.662529468536377,"{'status': 'ok', 'score': -1, 'results': {'main': {'runs': [{'seed': None, 'status': 'C', 'time': 0.662529468536377, 'extra': {'objs': [], 'flattenStatus': 'ok', 'flattenTime': 0.469254, 'instanceType': 'unsat', 'answerStatus': 'unknown'}}]}, 'oracle': {'runs': []}}}",gen-inst-18.param,"{'status': 'sat', 'seed': 1489266180, 'SRTime': 0, 'solverTime': 0.14213299751281738}",graded,-1.0,2.144294261932373,174a6d3d557d3527ff0cb873231a07ed
inst-24-735527639.dzn,unsat,1.1685714721679688,"{'status': 'ok', 'score': -1, 'results': {'main': {'runs': [{'seed': None, 'status': 'C', 'time': 1.1685714721679688, 'extra': {'objs': [], 'flattenStatus': 'ok', 'flattenTime': 0.485887, 'instanceType': 'unsat', 'answerStatus': 'unknown'}}]}, 'oracle': {'runs': []}}}",gen-inst-24.param,"{'status': 'sat', 'seed': 735527639, 'SRTime': 0, 'solverTime': 0.14520525932312012}",graded,-1.0,2.588494062423706,17c0d2ae8a0e84f3b3cfd4e84ea9a5a0
inst-7-1965286212.dzn,sat,3.96044659614563,"{'status': 'ok', 'score': -1, 'results': {'main': {'runs': [{'seed': None, 'status': 'C', 'time': 3.96044659614563, 'extra': {'objs': [(1.3230905532836914, 8.0), (1.6087384223937988, 7.0), (1.6999609470367432, 6.0)], 'flattenStatus': 'ok', 'flattenTime': 0.74058, 'instanceType': 'sat', 'answerStatus': 'unknown'}}]}, 'oracle': {'runs': []}}}",gen-inst-7.param,"{'status': 'sat', 'seed': 1965286212, 'SRTime': 1.2499067783355713, 'solverTime': 0.1054372787475586}",graded,-1.0,6.932607412338257,1adacc821708f2d42a693d77156de9af
inst-14-2073674354.dzn,sat,4.771140813827515,"{'status': 'ok', 'score': -1, 'results': {'main': {'runs': [{'seed': None, 'status': 'C', 'time': 4.771140813827515, 'extra': {'objs': [(0.950624942779541, 5.0), (2.816568374633789, 4.0)], 'flattenStatus': 'ok', 'flattenTime': 0.531633, 'instanceType': 'sat', 'answerStatus': 'unknown'}}]}, 'oracle': {'runs': []}}}",gen-inst-14.param,"{'status': 'sat', 'seed': 2073674354, 'SRTime': 1.0725464820861816, 'solverTime': 0.1032869815826416}",graded,-1.0,7.539268732070923,1b8fc6b0b31a3c1dfbd20516e013e8e8
inst-23-1489266180.dzn,sat,0.862252950668335,"{'status': 'ok', 'score': -1, 'results': {'main': {'runs': [{'seed': None, 'status': 'C', 'time': 0.862252950668335, 'extra': {'objs': [(0.6945314407348633, 3.0), (0.7210617065429688, 2.0)], 'flattenStatus': 'ok', 'flattenTime': 0.40926, 'instanceType': 'sat', 'answerStatus': 'unknown'}}]}, 'oracle': {'runs': []}}}",gen-inst-23.param,"{'status': 'sat', 'seed': 1489266180, 'SRTime': 0, 'solverTime': 0.1430823802947998}",graded,-1.0,2.2184536457061768,1d98a109a21936d60c4b6d41079e8de9
inst-2-1965286212.dzn,unsat,3.4612574577331543,"{'status': 'ok', 'score': -1, 'results': {'main': {'runs': [{'seed': None, 'status': 'C', 'time': 3.4612574577331543, 'extra': {'objs': [], 'flattenStatus': 'ok', 'flattenTime': 1.67261, 'instanceType': 'unsat', 'answerStatus': 'unknown'}}]}, 'oracle': {'runs': []}}}",gen-inst-2.param,"{'status': 'sat', 'seed': 1965286212, 'SRTime': 1.4678118228912354, 'solverTime': 0.10470962524414062}",graded,-1.0,6.636234283447266,2188f183b0be3f9543b3b8e289638655
inst-24-1965286212.dzn,unsat,1.0681133270263672,"{'status': 'ok', 'score': -1, 'results': {'main': {'runs': [{'seed': None, 'status': 'C', 'time': 1.0681133270263672, 'extra': {'objs': [], 'flattenStatus': 'ok', 'flattenTime': 0.457176, 'instanceType': 'unsat', 'answerStatus': 'unknown'}}]}, 'oracle': {'runs': []}}}",gen-inst-24.param,"{'status': 'sat', 'seed': 1965286212, 'SRTime': 0, 'solverTime': 0.14305448532104492}",graded,-1.0,2.473939895629883,21aa59de3ea9d04d5d6f61b76e51a241
inst-23-813778292.dzn,sat,0.9627840518951416,"{'status': 'ok', 'score': -1, 'results': {'main': {'runs': [{'seed': None, 'status': 'C', 'time': 0.9627840518951416, 'extra': {'objs': [(0.7066948413848877, 3.0), (0.8640933036804199, 2.0)], 'flattenStatus': 'ok', 'flattenTime': 0.416652, 'instanceType': 'sat', 'answerStatus': 'unknown'}}]}, 'oracle': {'runs': []}}}",gen-inst-23.param,"{'status': 'sat', 'seed': 813778292, 'SRTime': 1.090524673461914, 'solverTime': 0.10279345512390137}",graded,-1.0,3.740309238433838,238b84072e46e26f4c4e339167736e5d
inst-24-1409462646.dzn,unsat,0.9660735130310059,"{'status': 'ok', 'score': -1, 'results': {'main': {'runs': [{'seed': None, 'status': 'C', 'time': 0.9660735130310059, 'extra': {'objs': [], 'flattenStatus': 'ok', 'flattenTime': 0.445351, 'instanceType': 'unsat', 'answerStatus': 'unknown'}}]}, 'oracle': {'runs': []}}}",gen-inst-24.param,"{'status': 'sat', 'seed': 1409462646, 'SRTime': 0, 'solverTime': 0.14952325820922852}",graded,-1.0,2.402588129043579,24fbe57a7e770072479468b963416a95
inst-23-1068608867.dzn,sat,0.8670403957366943,"{'status': 'ok', 'score': -1, 'results': {'main': {'runs': [{'seed': None, 'status': 'C', 'time': 0.8670403957366943, 'extra': {'objs': [(0.6888637542724609, 3.0), (0.7188155651092529, 2.0)], 'flattenStatus': 'ok', 'flattenTime': 0.404934, 'instanceType': 'sat', 'answerStatus': 'unknown'}}]}, 'oracle': {'runs': []}}}",gen-inst-23.param,"{'status': 'sat', 'seed': 1068608867, 'SRTime': 0, 'solverTime': 0.15589666366577148}",graded,-1.0,2.2689099311828613,2c9cc0f190b4420d558732a31594003d
inst-13-601225362.dzn,unsat,0.368915319442749,"{'status': 'ok', 'score': -1, 'results': {'main': {'runs': [{'seed': None, 'status': 'C', 'time': 0.368915319442749, 'extra': {'objs': [], 'flattenStatus': 'ok', 'flattenTime': 0.179088, 'instanceType': 'unsat', 'answerStatus': 'unknown'}}]}, 'oracle': {'runs': []}}}",gen-inst-13.param,"{'status': 'sat', 'seed': 601225362, 'SRTime': 0, 'solverTime': 0.1427013874053955}",graded,-1.0,1.7657699584960938,417743b3126d9e3fcbb00593c091e150
inst-18-1965286212.dzn,unsat,0.6680507659912109,"{'status': 'ok', 'score': -1, 'results': {'main': {'runs': [{'seed': None, 'status': 'C', 'time': 0.6680507659912109, 'extra': {'objs': [], 'flattenStatus': 'ok', 'flattenTime': 0.452598, 'instanceType': 'unsat', 'answerStatus': 'unknown'}}]}, 'oracle': {'runs': []}}}",gen-inst-18.param,"{'status': 'sat', 'seed': 1965286212, 'SRTime': 0, 'solverTime': 0.13747167587280273}",graded,-1.0,2.0519461631774902,41a1fbe0fc1e7378c6dfd73dc9a139a0
inst-18-735527639.dzn,unsat,0.6663084030151367,"{'status': 'ok', 'score': -1, 'results': {'main': {'runs': [{'seed': None, 'status': 'C', 'time': 0.6663084030151367, 'extra': {'objs': [], 'flattenStatus': 'ok', 'flattenTime': 0.455892, 'instanceType': 'unsat', 'answerStatus': 'unknown'}}]}, 'oracle': {'runs': []}}}",gen-inst-18.param,"{'status': 'sat', 'seed': 735527639, 'SRTime': 0, 'solverTime': 0.14515423774719238}",graded,-1.0,2.0533831119537354,4d0e02711e1943ce9ca6a812c28f05e8
inst-13-2073674354.dzn,unsat,0.3705265522003174,"{'status': 'ok', 'score': -1, 'results': {'main': {'runs': [{'seed': None, 'status': 'C', 'time': 0.3705265522003174, 'extra': {'objs': [], 'flattenStatus': 'ok', 'flattenTime': 0.180571, 'instanceType': 'unsat', 'answerStatus': 'unknown'}}]}, 'oracle': {'runs': []}}}",gen-inst-13.param,"{'status': 'sat', 'seed': 2073674354, 'SRTime': 0, 'solverTime': 0.16313385963439941}",graded,-1.0,1.8112976551055908,53f5846e61613b1ce04728f914151536
inst-1-1068608867.dzn,sat,0.8606925010681152,"{'status': 'ok', 'score': -1, 'results': {'main': {'runs': [{'seed': None, 'status': 'C', 'time': 0.8606925010681152, 'extra': {'objs': [(0.7303636074066162, 3.0), (0.7793674468994141, 2.0)], 'flattenStatus': 'ok', 'flattenTime': 0.41785, 'instanceType': 'sat', 'answerStatus': 'unknown'}}]}, 'oracle': {'runs': []}}}",gen-inst-1.param,"{'status': 'sat', 'seed': 1068608867, 'SRTime': 0, 'solverTime': 0.12743449211120605}",graded,-1.0,2.2053561210632324,598619b757bad82d019b34693d4b5ed1
inst-18-2073674354.dzn,unsat,0.8638331890106201,"{'status': 'ok', 'score': -1, 'results': {'main': {'runs': [{'seed': None, 'status': 'C', 'time': 0.8638331890106201, 'extra': {'objs': [], 'flattenStatus': 'ok', 'flattenTime': 0.476579, 'instanceType': 'unsat', 'answerStatus': 'unknown'}}]}, 'oracle': {'runs': []}}}",gen-inst-18.param,"{'status': 'sat', 'seed': 2073674354, 'SRTime': 1.414743423461914, 'solverTime': 0.10714173316955566}",graded,-1.0,4.023915767669678,5dd4294ad2e07b24aee284f41dbec22d
inst-24-61910261.dzn,unsat,0.9613428115844727,"{'status': 'ok', 'score': -1, 'results': {'main': {'runs': [{'seed': None, 'status': 'C', 'time': 0.9613428115844727, 'extra': {'objs': [], 'flattenStatus': 'ok', 'flattenTime': 0.442953, 'instanceType': 'unsat', 'answerStatus': 'unknown'}}]}, 'oracle': {'runs': []}}}",gen-inst-24.param,"{'status': 'sat', 'seed': 61910261, 'SRTime': 0, 'solverTime': 0.13681364059448242}",graded,-1.0,2.3019723892211914,727c957c023f7896de8c90e73a9d9d07
inst-13-1068608867.dzn,unsat,0.358734130859375,"{'status': 'ok', 'score': -1, 'results': {'main': {'runs': [{'seed': None, 'status': 'C', 'time': 0.358734130859375, 'extra': {'objs': [], 'flattenStatus': 'ok', 'flattenTime': 0.179446, 'instanceType': 'unsat', 'answerStatus': 'unknown'}}]}, 'oracle': {'runs': []}}}",gen-inst-13.param,"{'status': 'sat', 'seed': 1068608867, 'SRTime': 1.489973783493042, 'solverTime': 0.10602998733520508}",graded,-1.0,3.671684980392456,74a0041acbe631f8b8ac65b309a5b17a
inst-2-1489266180.dzn,unsat,3.262418508529663,"{'status': 'ok', 'score': -1, 'results': {'main': {'runs': [{'seed': None, 'status': 'C', 'time': 3.262418508529663, 'extra': {'objs': [], 'flattenStatus': 'ok', 'flattenTime': 1.68449, 'instanceType': 'unsat', 'answerStatus': 'unknown'}}]}, 'oracle': {'runs': []}}}",gen-inst-2.param,"{'status': 'sat', 'seed': 1489266180, 'SRTime': 0, 'solverTime': 0.14662623405456543}",graded,-1.0,4.718297004699707,78d7ca6e2d4bd3097b67de4d71e94941
inst-19-1068608867.dzn,sat,0.6625301837921143,"{'status': 'ok', 'score': -1, 'results': {'main': {'runs': [{'seed': None, 'status': 'C', 'time': 0.6625301837921143, 'extra': {'objs': [(0.5268399715423584, 3.0), (0.5346803665161133, 2.0)], 'flattenStatus': 'ok', 'flattenTime': 0.308967, 'instanceType': 'sat', 'answerStatus': 'unknown'}}]}, 'oracle': {'runs': []}}}",gen-inst-19.param,"{'status': 'sat', 'seed': 1068608867, 'SRTime': 0, 'solverTime': 0.11972928047180176}",graded,-1.0,2.000938892364502,7958f485ca247c613acbe74b0a3e045d
inst-14-1965286212.dzn,sat,4.466080904006958,"{'status': 'ok', 'score': -1, 'results': {'main': {'runs': [{'seed': None, 'status': 'C', 'time': 4.466080904006958, 'extra': {'objs': [(1.0275027751922607, 5.0), (3.062570333480835, 4.0)], 'flattenStatus': 'ok', 'flattenTime': 0.585473, 'instanceType': 'sat', 'answerStatus': 'unknown'}}]}, 'oracle': {'runs': []}}}",gen-inst-14.param,"{'status': 'sat', 'seed': 1965286212, 'SRTime': 0, 'solverTime': 0.14622998237609863}",graded,-1.0,5.856267929077148,7b4a6868036823562d8d85f661066f90
inst-2-601225362.dzn,unsat,4.068797588348389,"{'status': 'ok', 'score': -1, 'results': {'main': {'runs': [{'seed': None, 'status': 'C', 'time': 4.068797588348389, 'extra': {'objs': [], 'flattenStatus': 'ok', 'flattenTime': 1.62776, 'instanceType': 'unsat', 'answerStatus': 'unknown'}}]}, 'oracle': {'runs': []}}}",gen-inst-2.param,"{'status': 'sat', 'seed': 601225362, 'SRTime': 0, 'solverTime': 0.14873600006103516}",graded,-1.0,5.460173845291138,7c125dd554604a2cbaa88c7747b9339a
inst-7-510416220.dzn,sat,3.7608132362365723,"{'status': 'ok', 'score': -1, 'results': {'main': {'runs': [{'seed': None, 'status': 'C', 'time': 3.7608132362365723, 'extra': {'objs': [(1.2320399284362793, 5.0), (3.1773874759674072, 4.0)], 'flattenStatus': 'ok', 'flattenTime': 0.677842, 'instanceType': 'sat', 'answerStatus': 'unknown'}}]}, 'oracle': {'runs': []}}}",gen-inst-7.param,"{'status': 'sat', 'seed': 510416220, 'SRTime': 0, 'solverTime': 0.17564082145690918}",graded,-1.0,5.214468955993652,811eb0c70313ae760a08ce0e498ceee5
inst-24-1489266180.dzn,unsat,0.960517406463623,"{'status': 'ok', 'score': -1, 'results': {'main': {'runs': [{'seed': None, 'status': 'C', 'time': 0.960517406463623, 'extra': {'objs': [], 'flattenStatus': 'ok', 'flattenTime': 0.438803, 'instanceType': 'unsat', 'answerStatus': 'unknown'}}]}, 'oracle': {'runs': []}}}",gen-inst-24.param,"{'status': 'sat', 'seed': 1489266180, 'SRTime': 0, 'solverTime': 0.15089035034179688}",graded,-1.0,2.3353934288024902,858e673359a2d33cfeb06a2b38527e78
inst-24-2073674354.dzn,unsat,0.9624624252319336,"{'status': 'ok', 'score': -1, 'results': {'main': {'runs': [{'seed': None, 'status': 'C', 'time': 0.9624624252319336, 'extra': {'objs': [], 'flattenStatus': 'ok', 'flattenTime': 0.440229, 'instanceType': 'unsat', 'answerStatus': 'unknown'}}]}, 'oracle': {'runs': []}}}",gen-inst-24.param,"{'status': 'sat', 'seed': 2073674354, 'SRTime': 0, 'solverTime': 0.14563608169555664}",graded,-1.0,2.3208186626434326,85f620b6ecb8a7ed3ecd7640fe64ec9e
inst-10-1068608867.dzn,sat,0.967477560043335,"{'status': 'ok', 'score': -1, 'results': {'main': {'runs': [{'seed': None, 'status': 'C', 'time': 0.967477560043335, 'extra': {'objs': [(0.7776339054107666, 3.0), (0.8495762348175049, 2.0)], 'flattenStatus': 'ok', 'flattenTime': 0.454007, 'instanceType': 'sat', 'answerStatus': 'unknown'}}]}, 'oracle': {'runs': []}}}",gen-inst-10.param,"{'status': 'sat', 'seed': 1068608867, 'SRTime': 1.071035385131836, 'solverTime': 0.08420085906982422}",graded,-1.0,3.801626205444336,88793ad9450142bbd6550ca35300284e
inst-13-285596038.dzn,unsat,0.3680691719055176,"{'status': 'ok', 'score': -1, 'results': {'main': {'runs': [{'seed': None, 'status': 'C', 'time': 0.3680691719055176, 'extra': {'objs': [], 'flattenStatus': 'ok', 'flattenTime': 0.182994, 'instanceType': 'unsat', 'answerStatus': 'unknown'}}]}, 'oracle': {'runs': []}}}",gen-inst-13.param,"{'status': 'sat', 'seed': 285596038, 'SRTime': 0, 'solverTime': 0.15016484260559082}",graded,-1.0,1.7713172435760498,8a94749703b512c665adb35c2943b25d
inst-24-601225362.dzn,unsat,0.9600298404693604,"{'status': 'ok', 'score': -1, 'results': {'main': {'runs': [{'seed': None, 'status': 'C', 'time': 0.9600298404693604, 'extra': {'objs': [], 'flattenStatus': 'ok', 'flattenTime': 0.437921, 'instanceType': 'unsat', 'answerStatus': 'unknown'}}]}, 'oracle': {'runs': []}}}",gen-inst-24.param,"{'status': 'sat', 'seed': 601225362, 'SRTime': 0, 'solverTime': 0.14214062690734863}",graded,-1.0,2.3252785205841064,8f5421ad13db7b11bdcd40b53a39e76b
inst-24-510416220.dzn,unsat,0.9637596607208252,"{'status': 'ok', 'score': -1, 'results': {'main': {'runs': [{'seed': None, 'status': 'C', 'time': 0.9637596607208252, 'extra': {'objs': [], 'flattenStatus': 'ok', 'flattenTime': 0.434704, 'instanceType': 'unsat', 'answerStatus': 'unknown'}}]}, 'oracle': {'runs': []}}}",gen-inst-24.param,"{'status': 'sat', 'seed': 510416220, 'SRTime': 0, 'solverTime': 0.15988659858703613}",graded,-1.0,2.33725643157959,8fd652485e98c7198db2a6ca8b7d22ef
inst-23-510416220.dzn,sat,0.9624202251434326,"{'status': 'ok', 'score': -1, 'results': {'main': {'runs': [{'seed': None, 'status': 'C', 'time': 0.9624202251434326, 'extra': {'objs': [(0.6908524036407471, 3.0), (0.8580422401428223, 2.0)], 'flattenStatus': 'ok', 'flattenTime': 0.400428, 'instanceType': 'sat', 'answerStatus': 'unknown'}}]}, 'oracle': {'runs': []}}}",gen-inst-23.param,"{'status': 'sat', 'seed': 510416220, 'SRTime': 0, 'solverTime': 0.13626933097839355}",graded,-1.0,2.314605712890625,903f9d94bfa0e9040013b8ced3488ea5
inst-13-1222707704.dzn,unsat,0.36742115020751953,"{'status': 'ok', 'score': -1, 'results': {'main': {'runs': [{'seed': None, 'status': 'C', 'time': 0.36742115020751953, 'extra': {'objs': [], 'flattenStatus': 'ok', 'flattenTime': 0.178195, 'instanceType': 'unsat', 'answerStatus': 'unknown'}}]}, 'oracle': {'runs': []}}}",gen-inst-13.param,"{'status': 'sat', 'seed': 1222707704, 'SRTime': 0, 'solverTime': 0.12598371505737305}",graded,-1.0,1.751288652420044,90d69727cde2d35fe3f10a46b03b78f7
inst-15-1965286212.dzn,unsat,4.969658374786377,"{'status': 'ok', 'score': -1, 'results': {'main': {'runs': [{'seed': None, 'status': 'C', 'time': 4.969658374786377, 'extra': {'objs': [], 'flattenStatus': 'ok', 'flattenTime': 1.53544, 'instanceType': 'unsat', 'answerStatus': 'unknown'}}]}, 'oracle': {'runs': []}}}",gen-inst-15.param,"{'status': 'sat', 'seed': 1965286212, 'SRTime': 0, 'solverTime': 0.14276671409606934}",graded,-1.0,6.3604230880737305,92ec2be82317e1ed4aa28c0f05a351e5
inst-7-61910261.dzn,sat,5.067789316177368,"{'status': 'ok', 'score': -1, 'results': {'main': {'runs': [{'seed': None, 'status': 'C', 'time': 5.067789316177368, 'extra': {'objs': [(1.3173398971557617, 8.0), (1.6494717597961426, 7.0), (1.7383747100830078, 6.0)], 'flattenStatus': 'ok', 'flattenTime': 0.711746, 'instanceType': 'sat', 'answerStatus': 'unknown'}}]}, 'oracle': {'runs': []}}}",gen-inst-7.param,"{'status': 'sat', 'seed': 61910261, 'SRTime': 0, 'solverTime': 0.11911749839782715}",graded,-1.0,6.702887535095215,997e7df319356a96849380a4d1033902
inst-12-1068608867.dzn,sat,0.6677646636962891,"{'status': 'ok', 'score': -1, 'results': {'main': {'runs': [{'seed': None, 'status': 'C', 'time': 0.6677646636962891, 'extra': {'objs': [(0.566486120223999, 3.0), (0.5801420211791992, 2.0)], 'flattenStatus': 'ok', 'flattenTime': 0.335463, 'instanceType': 'sat', 'answerStatus': 'unknown'}}]}, 'oracle': {'runs': []}}}",gen-inst-12.param,"{'status': 'sat', 'seed': 1068608867, 'SRTime': 1.0582609176635742, 'solverTime': 0.08938145637512207}",graded,-1.0,3.4315974712371826,9da8352b99dc49ab503f9f028e34cac3
inst-24-1222707704.dzn,unsat,1.065948724746704,"{'status': 'ok', 'score': -1, 'results': {'main': {'runs': [{'seed': None, 'status': 'C', 'time': 1.065948724746704, 'extra': {'objs': [], 'flattenStatus': 'ok', 'flattenTime': 0.448858, 'instanceType': 'unsat', 'answerStatus': 'unknown'}}]}, 'oracle': {'runs': []}}}",gen-inst-24.param,"{'status': 'sat', 'seed': 1222707704, 'SRTime': 0, 'solverTime': 0.15003466606140137}",graded,-1.0,2.4339101314544678,ab2f5ca35f879a7535bf168b72e8695b
inst-7-735527639.dzn,sat,3.062943696975708,"{'status': 'ok', 'score': -1, 'results': {'main': {'runs': [{'seed': None, 'status': 'C', 'time': 3.062943696975708, 'extra': {'objs': [(1.217512607574463, 5.0), (2.146798849105835, 4.0)], 'flattenStatus': 'ok', 'flattenTime': 0.676087, 'instanceType': 'sat', 'answerStatus': 'unknown'}}]}, 'oracle': {'runs': []}}}",gen-inst-7.param,"{'status': 'sat', 'seed': 735527639, 'SRTime': 0, 'solverTime': 0.14151835441589355}",graded,-1.0,4.428853511810303,b30260ccecfa41984385d24c5a5e37bb
inst-7-601225362.dzn,sat,3.968273639678955,"{'status': 'ok', 'score': -1, 'results': {'main': {'runs': [{'seed': None, 'status': 'C', 'time': 3.968273639678955, 'extra': {'objs': [(1.2819569110870361, 5.0), (3.3385426998138428, 4.0)], 'flattenStatus': 'ok', 'flattenTime': 0.7244, 'instanceType': 'sat', 'answerStatus': 'unknown'}}]}, 'oracle': {'runs': []}}}",gen-inst-7.param,"{'status': 'sat', 'seed': 601225362, 'SRTime': 0, 'solverTime': 0.15178823471069336}",graded,-1.0,5.381199836730957,b4b99a15ab5c7acf34740b708178cf56
inst-24-1068608867.dzn,unsat,0.9598519802093506,"{'status': 'ok', 'score': -1, 'results': {'main': {'runs': [{'seed': None, 'status': 'C', 'time': 0.9598519802093506, 'extra': {'objs': [], 'flattenStatus': 'ok', 'flattenTime': 0.446986, 'instanceType': 'unsat', 'answerStatus': 'unknown'}}]}, 'oracle': {'runs': []}}}",gen-inst-24.param,"{'status': 'sat', 'seed': 1068608867, 'SRTime': 0, 'solverTime': 0.14175629615783691}",graded,-1.0,2.3162927627563477,b6db61a426d65e9e185b5bf80f8e2997
inst-24-285596038.dzn,unsat,0.958613395690918,"{'status': 'ok', 'score': -1, 'results': {'main': {'runs': [{'seed': None, 'status': 'C', 'time': 0.958613395690918, 'extra': {'objs': [], 'flattenStatus': 'ok', 'flattenTime': 0.434184, 'instanceType': 'unsat', 'answerStatus': 'unknown'}}]}, 'oracle': {'runs': []}}}",gen-inst-24.param,"{'status': 'sat', 'seed': 285596038, 'SRTime': 0, 'solverTime': 0.14133763313293457}",graded,-1.0,2.3114917278289795,b9d9a9bb8cf9c0becfb4a98f2ab212f0
inst-7-1489266180.dzn,sat,4.361525774002075,"{'status': 'ok', 'score': -1, 'results': {'main': {'runs': [{'seed': None, 'status': 'C', 'time': 4.361525774002075, 'extra': {'objs': [(1.23797607421875, 8.0), (1.5215091705322266, 7.0), (1.6163783073425293, 6.0)], 'flattenStatus': 'ok', 'flattenTime': 0.667835, 'instanceType': 'sat', 'answerStatus': 'unknown'}}]}, 'oracle': {'runs': []}}}",gen-inst-7.param,"{'status': 'sat', 'seed': 1489266180, 'SRTime': 0, 'solverTime': 0.1422736644744873}",graded,-1.0,5.733216047286987,c0968342680feebb8b5fe172f31bee5f
inst-18-601225362.dzn,unsat,0.8660345077514648,"{'status': 'ok', 'score': -1, 'results': {'main': {'runs': [{'seed': None, 'status': 'C', 'time': 0.8660345077514648, 'extra': {'objs': [], 'flattenStatus': 'ok', 'flattenTime': 0.483205, 'instanceType': 'unsat', 'answerStatus': 'unknown'}}]}, 'oracle': {'runs': []}}}",gen-inst-18.param,"{'status': 'sat', 'seed': 601225362, 'SRTime': 0, 'solverTime': 0.14501333236694336}",graded,-1.0,2.258474588394165,c4a9ccbb798fa169db860fa8477479ca
inst-18-510416220.dzn,unsat,0.8655838966369629,"{'status': 'ok', 'score': -1, 'results': {'main': {'runs': [{'seed': None, 'status': 'C', 'time': 0.8655838966369629, 'extra': {'objs': [], 'flattenStatus': 'ok', 'flattenTime': 0.502241, 'instanceType': 'unsat', 'answerStatus': 'unknown'}}]}, 'oracle': {'runs': []}}}",gen-inst-18.param,"{'status': 'sat', 'seed': 510416220, 'SRTime': 0, 'solverTime': 0.14318633079528809}",graded,-1.0,2.2658510208129883,c6e5e40cb1d7482891371db520d91846
inst-14-61910261.dzn,sat,4.963468551635742,"{'status': 'ok', 'score': -1, 'results': {'main': {'runs': [{'seed': None, 'status': 'C', 'time': 4.963468551635742, 'extra': {'objs': [(0.9496159553527832, 5.0), (3.4390554428100586, 4.0)], 'flattenStatus': 'ok', 'flattenTime': 0.532374, 'instanceType': 'sat', 'answerStatus': 'unknown'}}]}, 'oracle': {'runs': []}}}",gen-inst-14.param,"{'status': 'sat', 'seed': 61910261, 'SRTime': 0, 'solverTime': 0.14884638786315918}",graded,-1.0,6.336606025695801,c99fcb9f2f389c63c6abbce585053369
inst-13-735527639.dzn,unsat,0.3613765239715576,"{'status': 'ok', 'score': -1, 'results': {'main': {'runs': [{'seed': None, 'status': 'C', 'time': 0.3613765239715576, 'extra': {'objs': [], 'flattenStatus': 'ok', 'flattenTime': 0.183192, 'instanceType': 'unsat', 'answerStatus': 'unknown'}}]}, 'oracle': {'runs': []}}}",gen-inst-13.param,"{'status': 'sat', 'seed': 735527639, 'SRTime': 0, 'solverTime': 0.15481877326965332}",graded,-1.0,1.8222389221191406,cf450edb2cdd677abae19c090a4b866d
inst-13-1965286212.dzn,unsat,0.36728787422180176,"{'status': 'ok', 'score': -1, 'results': {'main': {'runs': [{'seed': None, 'status': 'C', 'time': 0.36728787422180176, 'extra': {'objs': [], 'flattenStatus': 'ok', 'flattenTime': 0.183161, 'instanceType': 'unsat', 'answerStatus': 'unknown'}}]}, 'oracle': {'runs': []}}}",gen-inst-13.param,"{'status': 'sat', 'seed': 1965286212, 'SRTime': 0, 'solverTime': 0.14365863800048828}",graded,-1.0,1.7509539127349854,d2ae463c6ffb1a5e21b906bd16ac97a3
inst-13-61910261.dzn,unsat,0.36322546005249023,"{'status': 'ok', 'score': -1, 'results': {'main': {'runs': [{'seed': None, 'status': 'C', 'time': 0.36322546005249023, 'extra': {'objs': [], 'flattenStatus': 'ok', 'flattenTime': 0.177189, 'instanceType': 'unsat', 'answerStatus': 'unknown'}}]}, 'oracle': {'runs': []}}}",gen-inst-13.param,"{'status': 'sat', 'seed': 61910261, 'SRTime': 0, 'solverTime': 0.1424095630645752}",graded,-1.0,1.7668423652648926,d47b54ee632abd04642f5a84981db126
inst-18-1068608867.dzn,unsat,0.8625867366790771,"{'status': 'ok', 'score': -1, 'results': {'main': {'runs': [{'seed': None, 'status': 'C', 'time': 0.8625867366790771, 'extra': {'objs': [], 'flattenStatus': 'ok', 'flattenTime': 0.487111, 'instanceType': 'unsat', 'answerStatus': 'unknown'}}]}, 'oracle': {'runs': []}}}",gen-inst-18.param,"{'status': 'sat', 'seed': 1068608867, 'SRTime': 0, 'solverTime': 0.145416259765625}",graded,-1.0,2.2697031497955322,d7f89977af0e0162db9e499adebc7324
inst-21-1068608867.dzn,sat,0.6596469879150391,"{'status': 'ok', 'score': -1, 'results': {'main': {'runs': [{'seed': None, 'status': 'C', 'time': 0.6596469879150391, 'extra': {'objs': [(0.598522424697876, 3.0), (0.6185626983642578, 2.0)], 'flattenStatus': 'ok', 'flattenTime': 0.345233, 'instanceType': 'sat', 'answerStatus': 'unknown'}}]}, 'oracle': {'runs': []}}}",gen-inst-21.param,"{'status': 'sat', 'seed': 1068608867, 'SRTime': 0, 'solverTime': 0.12154793739318848}",graded,-1.0,2.005204916000366,d8450ada800a40f076ac63e3db094920
inst-24-813778292.dzn,unsat,1.0654220581054688,"{'status': 'ok', 'score': -1, 'results': {'main': {'runs': [{'seed': None, 'status': 'C', 'time': 1.0654220581054688, 'extra': {'objs': [], 'flattenStatus': 'ok', 'flattenTime': 0.446349, 'instanceType': 'unsat', 'answerStatus': 'unknown'}}]}, 'oracle': {'runs': []}}}",gen-inst-24.param,"{'status': 'sat', 'seed': 813778292, 'SRTime': 1.0793344974517822, 'solverTime': 0.10549092292785645}",graded,-1.0,3.8579185009002686,d89c010d01d3c442d9453b9c40a086c5
inst-13-1489266180.dzn,unsat,0.3678553104400635,"{'status': 'ok', 'score': -1, 'results': {'main': {'runs': [{'seed': None, 'status': 'C', 'time': 0.3678553104400635, 'extra': {'objs': [], 'flattenStatus': 'ok', 'flattenTime': 0.17965, 'instanceType': 'unsat', 'answerStatus': 'unknown'}}]}, 'oracle': {'runs': []}}}",gen-inst-13.param,"{'status': 'sat', 'seed': 1489266180, 'SRTime': 0, 'solverTime': 0.14602184295654297}",graded,-1.0,1.7810766696929932,d909a960c2cad0ee0fd1f28e0b653e5e
inst-13-1409462646.dzn,unsat,0.36707401275634766,"{'status': 'ok', 'score': -1, 'results': {'main': {'runs': [{'seed': None, 'status': 'C', 'time': 0.36707401275634766, 'extra': {'objs': [], 'flattenStatus': 'ok', 'flattenTime': 0.175924, 'instanceType': 'unsat', 'answerStatus': 'unknown'}}]}, 'oracle': {'runs': []}}}",gen-inst-13.param,"{'status': 'sat', 'seed': 1409462646, 'SRTime': 0, 'solverTime': 0.15088915824890137}",graded,-1.0,1.8079400062561035,d9848aa95e6b42a6e705457335554de4
inst-18-1222707704.dzn,unsat,0.6615524291992188,"{'status': 'ok', 'score': -1, 'results': {'main': {'runs': [{'seed': None, 'status': 'C', 'time': 0.6615524291992188, 'extra': {'objs': [], 'flattenStatus': 'ok', 'flattenTime': 0.456527, 'instanceType': 'unsat', 'answerStatus': 'unknown'}}]}, 'oracle': {'runs': []}}}",gen-inst-18.param,"{'status': 'sat', 'seed': 1222707704, 'SRTime': 0, 'solverTime': 0.14159131050109863}",graded,-1.0,2.054046869277954,e43d2bc248a0bb9704e3352be83cae6c
inst-18-61910261.dzn,unsat,0.6682755947113037,"{'status': 'ok', 'score': -1, 'results': {'main': {'runs': [{'seed': None, 'status': 'C', 'time': 0.6682755947113037, 'extra': {'objs': [], 'flattenStatus': 'ok', 'flattenTime': 0.447842, 'instanceType': 'unsat', 'answerStatus': 'unknown'}}]}, 'oracle': {'runs': []}}}",gen-inst-18.param,"{'status': 'sat', 'seed': 61910261, 'SRTime': 0, 'solverTime': 0.14226126670837402}",graded,-1.0,2.0659291744232178,f337a79522d51787e96c99218c967172
